"","site","ES","p-value"
"1","XP_799905.2_44",0.0429842,0.01
"2","XP_799905.2_58",0.0354016,0.08
"3","XP_799905.2_81",0.00877137,0.52
"4","XP_799905.2_94",0.0102088,0.65
"5","XP_799905.2_132",0.0094,0.38
"6","XP_799905.2_147",0.0158698,0.32
"7","XP_799905.2_223",3e-04,0.98
"8","XP_799905.2_238",0.0196517,0.06
"9","XP_799905.2_325",0.0017,0.85
"10","XP_799905.2_535",0.0120685,0.17
