"","site","ES","p-value",Index
"1","XP_799905.2_44",0.0429842,0.0,44"
"2","XP_799905.2_58",0.0354016,0.0,58"
"3","XP_799905.2_81",0.00877137,0.5,81"
"4","XP_799905.2_94",0.0102088,0.6,94"
"5","XP_799905.2_132",0.0094,0.3,132"
"6","XP_799905.2_147",0.0158698,0.3,147"
"7","XP_799905.2_223",3e-04,0.9,223"
"8","XP_799905.2_238",0.0196517,0.0,238"
"9","XP_799905.2_325",0.0017,0.8,325"
"10","XP_799905.2_535",0.0120685,0.1,535"
